,Date,Close_AAPL,Close_AMZN,Close_META,Close_MSFT,Close_ZM,High_AAPL,High_AMZN,High_META,High_MSFT,High_ZM,Low_AAPL,Low_AMZN,Low_META,Low_MSFT,Low_ZM,Open_AAPL,Open_AMZN,Open_META,Open_MSFT,Open_ZM,Volume_AAPL,Volume_AMZN,Volume_META,Volume_MSFT,Volume_ZM
0,2022-01-03,179.0766,170.4045,337.25174,326.94083,184.26,179.93259,170.7035,339.78204,330.11502,184.91,174.84592,166.1605,335.90686,322.08676,177.24,174.96397,167.55,337.01263,327.52682,184.44,104487900.0,63520000.0,14537900.0,28865100.0,3171900.0
1,2022-01-04,176.80383,167.522,335.24933,321.33475,179.85,179.99162,171.4,341.78436,327.38034,183.555,176.23318,166.3495,330.60706,318.51215,172.1,179.68661,170.438,338.65634,327.01895,183.32,99310400.0,70726000.0,15998000.0,32674300.0,5269800.0
2,2022-01-05,172.10083,164.357,322.9364,308.99933,174.88,177.26622,167.1265,334.4823,318.4633,183.67,171.82535,164.357,322.60764,308.60867,174.29,176.71524,166.883,331.7527,318.25815,175.975,94537600.0,64302000.0,20564500.0,40054300.0,3772300.0
3,2022-01-06,169.22792,163.254,331.19482,306.5577,176.33,172.47473,164.8,337.8793,311.26526,181.88,168.87372,161.937,321.4919,304.22345,171.23,169.91664,163.4505,321.59152,305.84473,173.09,96904000.0,51958000.0,27962800.0,39646100.0,4002500.0
4,2022-01-07,169.39519,162.554,330.52737,306.71396,171.6,171.33344,165.2435,335.71753,309.11658,180.67,168.27356,162.031,327.62845,302.85608,170.72,170.10359,163.839,331.47375,306.82138,176.05,86709100.0,46606000.0,14722000.0,32720000.0,3089400.0
5,2022-01-10,169.41489,161.486,326.82153,306.93854,172.56,169.7199,161.6615,327.09048,307.37805,173.23,165.45967,156.3045,314.2296,297.58203,164.9,166.35501,160.5855,324.07202,302.27005,169.32,106765600.0,87798000.0,24942400.0,44289500.0,3502300.0
6,2022-01-11,172.25826,165.362,333.09756,307.632,175.97,172.35663,166.35,333.3566,309.22394,178.88,168.06693,160.7015,324.04214,302.66074,169.45,169.54274,161.5,325.53644,306.0693,172.15,76138300.0,62806000.0,16226800.0,29386800.0,2411000.0
7,2022-01-12,172.70102,165.207,331.99182,310.8453,170.65,174.32442,166.878,335.08997,315.86542,179.9,172.00247,164.417,328.7741,309.68307,169.7,173.28151,166.575,333.9045,312.21268,177.0,74805200.0,50030000.0,14104900.0,34372200.0,2704300.0
8,2022-01-13,169.41489,161.214,325.2376,297.68945,162.1,173.77348,166.2215,334.35278,313.39435,170.39,169.02132,161.091,324.52036,296.90814,162.0,172.94702,165.2505,333.70526,312.9939,170.1,84505800.0,52188000.0,14797100.0,45366000.0,4612500.0
9,2022-01-14,170.2807,162.138,330.63702,302.9636,159.72,170.97925,162.25,331.4639,303.56912,164.89,168.3326,159.8005,319.9877,296.66406,156.88,168.57857,160.15,320.56552,297.15237,161.42,80440800.0,45974000.0,16868500.0,39846400.0,4700700.0
10,2022-01-18,167.06337,158.9175,316.93933,295.5897,157.7,169.7592,159.7345,322.97626,302.57288,162.98,166.67966,157.6645,316.4313,294.70093,156.0,168.7458,159.105,322.05978,296.9766,156.324,90956700.0,67292000.0,22645600.0,42333200.0,4360900.0
11,2022-01-19,163.55092,156.299,318.37384,296.2538,157.23,168.32275,159.25,325.8553,306.587,162.99,163.2656,156.25,318.1148,295.63855,156.94,167.26016,158.762,318.36386,299.14478,158.65,94815000.0,53242000.0,20814700.0,45933900.0,3305200.0
12,2022-01-20,161.85864,151.6675,315.35535,294.56418,155.81,166.94531,158.0,326.5725,304.37973,163.48,161.53397,151.351,314.77756,294.11493,155.65,164.28883,156.766,322.66742,301.85992,159.55,91420500.0,71974000.0,16925000.0,35380700.0,3710700.0
13,2022-01-21,159.79248,142.643,302.01633,289.12408,147.66,163.6493,150.9,317.0987,297.01556,156.91,159.68425,142.0705,301.8868,288.71387,147.11,161.77008,149.95,313.61203,295.62872,153.98,122848900.0,163972000.0,28710700.0,57984400.0,5722600.0
14,2022-01-24,159.0152,144.544,307.53522,289.45612,152.95,159.68425,144.945,308.3521,290.17883,153.24,152.20673,135.352,287.91022,269.61014,138.91,157.441,139.0,296.70657,285.38342,141.68,162294600.0,155624000.0,38878100.0,85731500.0,8231800.0
15,2022-01-25,157.20488,139.986,299.00778,281.75998,145.89,160.13684,143.6,305.06467,288.10834,152.14,154.48936,138.145,296.44754,278.51746,142.12,156.41777,142.2425,298.80856,284.7193,150.0,115798400.0,90824000.0,25108500.0,72848600.0,5122200.0
16,2022-01-26,157.1163,138.8725,293.50882,289.7882,140.33,161.74055,145.185,306.3398,301.30316,152.0,155.27644,137.3185,289.7432,286.19406,138.89,160.8649,144.75,305.8417,300.80505,150.028,108275300.0,95602000.0,28348800.0,90428900.0,4888300.0
17,2022-01-27,156.6539,139.6375,293.5188,292.8452,136.81,161.19943,144.2435,300.56186,300.13116,143.81,155.72905,139.35,293.14023,290.97977,136.17,159.83183,140.8,296.61694,295.59943,143.6,121954600.0,77516000.0,21629900.0,53481300.0,3572600.0
18,2022-01-28,167.58484,143.978,300.56186,301.0688,143.81,167.60452,143.998,300.75113,301.28366,143.89,160.1762,137.9295,291.9149,287.58096,134.7,163.0393,140.8605,294.49503,293.2261,137.58,179935700.0,74392000.0,21871600.0,49743700.0,3682700.0
19,2022-01-31,171.96312,149.5735,312.0679,303.7253,154.28,172.17958,150.3605,312.5959,305.09265,154.34,166.77805,144.3005,298.18094,299.22284,145.9,167.41759,144.75,299.53577,301.74268,146.67,115541600.0,78308000.0,21579500.0,46444500.0,4960900.0
20,2022-02-01,171.79585,151.1935,317.78607,301.5571,155.68,172.02214,151.708,318.44357,303.38348,155.95,169.53291,147.6275,310.93225,298.01178,150.07,171.20552,150.0,313.36298,303.1686,155.23,86213900.0,59220000.0,18023800.0,40950400.0,3316000.0
21,2022-02-02,173.00604,150.6125,321.77087,306.14746,148.11,173.04541,155.075,326.75186,307.76874,156.05,170.5365,148.8635,315.66418,301.67432,146.58,171.93361,155.0505,326.57254,302.40683,155.79,84914300.0,87330000.0,58458300.0,36636000.0,3063400.0
22,2022-02-03,170.1134,138.8455,236.85522,294.22235,137.94,173.39958,144.2475,247.05626,303.96954,146.45,169.34598,138.333,234.85287,292.96243,137.35,171.66794,141.7375,243.71901,302.2701,144.072,89418100.0,225532000.0,188119900.0,43730000.0,3356000.0
23,2022-02-04,169.82771,157.6395,236.18777,298.80286,144.1,171.5123,161.2,241.68677,301.59613,145.21,168.14313,150.608,229.23434,292.97214,136.92,169.12827,155.6065,234.07585,293.2065,139.3,82465400.0,253456000.0,89342200.0,35096500.0,3457900.0
24,2022-02-07,169.1086,157.9355,224.05412,293.92932,141.44,171.36455,162.691,237.39317,300.65857,147.48,168.40915,157.25,223.15753,292.9038,139.78,170.29076,158.52,236.79544,299.02756,144.59,77251200.0,102624000.0,88613800.0,28533300.0,2531100.0
25,2022-02-08,172.23148,161.4135,219.34212,297.45514,142.69,172.74374,161.7925,224.91086,298.43182,143.19,168.882,155.5505,215.32745,292.9527,137.28,169.17755,156.7505,220.00958,294.22235,139.36,74829200.0,76040000.0,94729700.0,32421200.0,2565100.0
26,2022-02-09,173.65993,161.1895,231.11714,303.94998,149.6,174.02443,163.8345,232.48192,304.6532,149.81,172.30043,160.25,221.36441,300.21912,143.9,173.43335,162.8735,223.34682,302.64124,146.49,71285000.0,68786000.0,86563300.0,31284700.0,3067100.0
27,2022-02-10,169.56177,159.0035,227.20213,295.32596,145.72,172.87183,160.7165,234.10576,301.90872,152.69,169.00024,157.75,225.83734,293.68515,144.29,171.55174,158.35,227.40137,296.94724,145.78,90865900.0,68268000.0,49310400.0,45386200.0,3348800.0
28,2022-02-11,166.13348,153.2935,218.71452,288.15723,141.24,170.50749,159.0,229.54315,297.19144,150.48,165.54239,152.734,217.9375,287.35635,140.16,169.76865,158.1345,227.59062,296.1171,146.965,98670700.0,77100000.0,46156900.0,39175600.0,2690400.0
29,2022-02-14,166.3699,155.167,216.87157,288.11813,142.09,167.0595,158.4485,220.15901,289.8371,147.74,164.08438,151.65,213.96268,284.55328,141.11,164.88234,151.751,218.47543,286.9168,142.42,86185500.0,83230000.0,38184000.0,36359500.0,2538900.0
30,2022-02-15,170.22177,156.5105,220.159,293.46054,146.9,170.3794,158.007,220.30843,293.78284,147.145,167.71953,154.6375,214.2416,290.091,141.1,168.42883,157.6055,219.63101,293.0113,144.44,62527400.0,56440000.0,42685500.0,27058300.0,3043800.0
31,2022-02-16,169.98537,158.1005,215.71597,293.118,138.51,170.76361,158.834,216.63249,294.4588,144.69,167.52252,154.7345,211.55188,287.42203,136.395,169.29578,155.7905,211.6017,292.0121,144.49,61177400.0,52704000.0,45817500.0,29982100.0,3928900.0
32,2022-02-17,166.3699,154.6525,206.91959,284.53488,129.38,169.35487,160.349,216.67232,290.47552,137.735,165.96599,154.5,206.37167,283.82043,128.93,168.48795,158.146,213.20557,290.0449,137.63,69589300.0,64032000.0,38747500.0,32461600.0,4944700.0
33,2022-02-18,164.81337,152.6015,205.37549,281.79446,126.96,168.0052,155.4995,209.94801,287.59808,131.94,163.71986,150.893,204.3992,280.20898,124.71,167.29591,155.4995,208.59319,286.80536,130.13,82772700.0,63604000.0,37128400.0,34264000.0,5435000.0
34,2022-02-22,161.8777,150.1975,201.311,281.58902,126.61,164.21246,152.9825,206.69044,285.32764,130.73,159.73994,148.4855,199.29869,278.43762,124.98,162.52788,150.4785,201.57,278.92697,125.055,91162800.0,66128000.0,39852400.0,41736100.0,4446000.0
35,2022-02-23,157.69087,144.827,197.69481,274.29773,120.1,163.6805,151.763,206.15251,285.4842,128.15,157.37563,144.651,197.29634,274.13138,120.1,163.07956,151.6505,203.38309,283.99655,127.99,90009200.0,64244000.0,44481400.0,37811200.0,4634700.0
36,2022-02-24,160.32117,151.358,206.81001,288.3126,126.97,160.42953,151.749,207.55716,288.87045,128.74,149.7408,139.5,189.49614,265.7342,114.26,150.31218,139.8375,190.33295,266.7031,114.74,141147500.0,100786000.0,49957200.0,56989700.0,6998500.0
37,2022-02-25,162.3998,153.7885,209.67903,290.97464,125.32,162.66577,153.99,210.51585,291.28784,129.06,158.47894,149.2135,202.40681,285.43524,120.02,161.4048,150.55,204.16013,288.8509,129.05,91974200.0,62396000.0,37627600.0,32546700.0,5242600.0
38,2022-02-28,162.66577,153.563,210.22694,292.42313,132.6,162.96132,154.45,212.33887,292.7657,135.09,160.01575,150.85,206.04292,286.7565,125.1,160.6364,152.425,206.88968,288.03857,126.79,95056600.0,57684000.0,34239800.0,34627500.0,12033100.0
39,2022-03-01,160.7743,151.142,202.71562,288.66498,122.78,164.12378,154.099,210.94418,293.578,136.0,159.56259,149.977,201.45045,285.92462,122.13,162.25201,152.7325,209.07133,290.08408,128.57,83474400.0,44874000.0,27094900.0,31217800.0,11541600.0
40,2022-03-02,164.08438,152.0525,207.31805,293.7933,121.61,164.8725,152.9995,208.3541,295.04602,122.89,160.52803,148.75,201.25124,287.44162,114.52,161.94664,150.849,204.00072,289.06622,122.25,79724800.0,47334000.0,29452100.0,31873000.0,7224300.0
41,2022-03-03,163.75928,147.8985,202.19762,289.61426,113.11,166.39944,153.929,208.28436,296.67062,122.06,163.08939,146.856,200.65352,287.7841,111.95,165.96599,153.5315,208.2246,296.43573,122.0,76678400.0,65198000.0,27263500.0,27314500.0,6211500.0
42,2022-03-04,160.74475,145.641,199.29868,283.68338,108.94,163.08939,147.85,205.10649,289.3598,116.19,159.69066,143.807,198.03351,281.05072,108.43,162.04514,147.159,201.59988,288.019,114.1,83737200.0,60934000.0,32130900.0,32356500.0,6219300.0
43,2022-03-07,156.93228,137.453,186.7566,272.96677,107.88,162.56726,146.0945,200.12553,283.51706,115.24,156.67613,137.4165,186.56732,272.59485,107.72,160.93193,145.4435,200.02591,282.38177,111.13,96418800.0,86934000.0,38560600.0,43157200.0,6240200.0
44,2022-03-08,155.09993,136.0145,189.56586,269.97195,108.49,160.45908,140.6995,195.95146,277.90912,114.29,153.4843,133.5725,185.40176,264.2466,105.0,156.45943,136.6835,187.13516,271.88037,106.67,131148300.0,91662000.0,37508100.0,48159500.0,5581800.0
45,2022-03-09,160.52803,139.279,197.74464,282.3524,109.08,160.9812,140.25,198.34236,283.42896,111.84,157.04065,136.828,193.18207,274.79688,108.06,159.07988,139.5,194.99515,277.4002,111.84,91454900.0,82656000.0,31894700.0,35204500.0,6427500.0
46,2022-03-10,156.16391,146.8175,194.46716,279.5044,103.33,158.00612,148.6745,195.53308,280.4929,106.9,153.66165,143.978,190.34291,274.60114,101.055,157.81894,145.685,194.09856,276.98917,105.835,105342000.0,135062000.0,24853000.0,30628000.0,5030800.0
47,2022-03-11,152.43022,145.5245,186.89607,274.10202,98.12,156.9126,149.675,192.82343,283.34088,103.49,152.20364,145.369,185.95964,273.47565,97.9,156.5678,149.5745,191.90694,281.82388,103.48,96970100.0,68900000.0,34694500.0,27209300.0,6454600.0
48,2022-03-14,148.3813,141.853,185.91978,270.54938,94.64,151.82928,147.45,191.55823,279.31845,102.16,147.86905,140.884,185.11287,269.9426,94.51,149.19897,145.981,186.31825,274.36627,97.5,108732100.0,74086000.0,31010500.0,30660700.0,6715700.0
49,2022-03-15,152.78485,147.3665,191.29926,281.03113,98.97,153.25772,147.985,191.54831,281.68686,100.595,148.14487,142.0,185.20255,272.79056,95.26,148.65712,142.85,190.07394,274.37604,96.09,92964300.0,75584000.0,31721700.0,34245100.0,7001700.0
50,2022-03-16,157.21799,153.104,202.85512,288.1169,106.84,157.6219,153.15,202.95473,288.29306,106.88,152.16425,147.3535,193.77979,277.16534,100.17,154.71574,148.5,193.95909,282.9494,100.55,102300200.0,84958000.0,40640300.0,37826300.0,8003000.0
51,2022-03-17,158.23265,157.239,207.04909,288.9292,111.29,158.60701,157.4985,207.24832,289.31088,111.33,155.2871,152.14,200.3447,283.20386,105.0,156.25253,152.6405,200.93245,287.04034,106.46,75615400.0,72934000.0,29499700.0,30816600.0,4967500.0
52,2022-03-18,161.54272,161.2505,215.66617,294.0282,116.28,162.0353,161.594,215.97499,294.58606,117.84,157.38545,156.011,205.21608,286.49228,109.21,158.1243,156.813,205.91342,289.07602,109.49,123511700.0,102962000.0,52128000.0,43390600.0,8521800.0
53,2022-03-21,162.92192,161.4915,210.6852,292.78528,116.87,163.8775,163.084,213.89294,293.74442,119.89,160.58714,159.553,206.83989,288.61606,113.35,161.07971,161.121,213.68373,292.52106,115.01,95811400.0,66538000.0,30142300.0,28351200.0,5941500.0
54,2022-03-22,166.31079,164.889,215.82556,297.58084,119.8,166.90187,166.167,218.62488,298.50082,122.24,162.45891,161.699,209.38019,292.40356,115.4,163.04997,161.8055,210.56566,293.41162,116.01,81532000.0,64086000.0,31998800.0,27599700.0,5003100.0
55,2022-03-23,167.68015,163.408,212.6477,293.10822,116.81,170.07402,166.37,215.97499,296.76855,120.27,165.15819,162.687,211.35265,291.37595,115.95,165.49313,163.705,212.51819,294.1065,117.215,98062700.0,55812000.0,23717300.0,25715400.0,3443300.0
56,2022-03-24,171.48277,163.6495,218.73445,297.61996,117.75,171.55173,164.1185,219.83026,297.71783,117.78,167.68015,160.05,213.97263,291.96313,113.97,168.5175,163.7495,214.18184,292.76566,117.35,90131400.0,56798000.0,31502300.0,24484500.0,3332000.0
57,2022-03-25,172.1231,164.7735,220.9759,297.2089,113.93,172.67477,165.3685,224.64189,298.9901,117.58,170.18237,162.25,218.05705,292.91245,112.45,171.29558,164.0,219.67088,298.7259,117.13,80546200.0,49032000.0,40039000.0,22566500.0,4209400.0
58,2022-03-28,172.99002,168.9905,222.73915,304.07928,117.45,173.11807,169.0375,223.18744,304.17712,118.31,169.44353,164.9,218.70456,297.845,113.63,169.611,164.975,221.28471,297.845,114.87,90371900.0,59854000.0,26224100.0,29578200.0,3289300.0
59,2022-03-29,176.3001,169.315,228.98529,308.68896,126.26,176.34933,170.8315,230.01137,309.09024,126.53,173.71902,167.8685,224.43268,302.46448,119.977,174.06383,170.384,225.20972,307.22092,119.977,100589400.0,66154000.0,31417900.0,30393400.0,4757100.0
60,2022-03-30,175.12778,166.301,226.98294,307.17203,122.39,176.94043,168.9505,230.27037,309.21753,127.37,174.07367,165.5,225.84727,304.9406,121.23,175.89618,168.5095,228.03891,307.0742,124.26,92633200.0,56168000.0,25588000.0,28163600.0,3987800.0
61,2022-03-31,172.01474,162.9975,221.51384,301.7403,117.23,175.38391,166.495,227.62051,308.42477,122.81,171.80786,162.9535,221.41422,301.32925,117.16,175.19673,166.445,227.58066,307.21118,122.75,103049300.0,59966000.0,24192300.0,33422100.0,2903100.0
62,2022-04-01,171.7192,163.56,223.99437,302.8266,118.02,172.28073,165.827,226.41512,303.52145,120.496,169.38443,162.3195,221.85254,299.02927,116.11,171.44336,164.1495,223.69551,302.77765,117.56,78751300.0,57090000.0,19544800.0,27110500.0,2793300.0
63,2022-04-04,175.78781,168.3465,232.99995,308.2583,124.28,175.83707,168.3945,233.4582,308.3953,124.99,171.84726,163.2055,225.00052,303.11038,118.33,171.97534,164.125,225.12006,303.48227,119.39,76468400.0,49882000.0,28054800.0,24289600.0,3077400.0
64,2022-04-05,172.45807,164.055,230.95773,304.25555,122.02,175.64992,168.1105,235.95863,308.16052,126.44,171.82758,163.266,230.14087,303.26706,120.43,174.8618,167.7415,233.18921,306.5946,123.92,73401800.0,53728000.0,29727200.0,23156700.0,4906500.0
65,2022-04-06,169.27606,158.756,222.45026,293.118,116.09,171.04932,162.2,228.1186,300.4582,118.56,167.60133,157.2545,220.56744,290.38745,113.34,169.79819,161.6505,226.04652,298.68677,118.03,89058800.0,79056000.0,28995100.0,40110400.0,5161500.0
66,2022-04-07,169.58145,157.7845,222.10158,294.94818,114.32,170.78333,160.079,224.6618,297.1796,118.12,167.3255,154.5115,217.72829,290.03516,111.33,168.61603,158.4,223.07785,290.33856,115.14,77594700.0,68136000.0,21037200.0,31411200.0,3498000.0
67,2022-04-08,167.56194,154.4605,221.48395,290.64188,110.9,169.22682,157.3685,224.2733,294.70343,113.27,166.68517,154.231,219.1927,289.96658,109.388,169.22682,156.75,221.53377,294.03793,112.37,76575500.0,46002000.0,18375700.0,24361900.0,3953300.0
68,2022-04-11,163.2864,151.122,215.63629,279.18143,109.05,166.51765,154.1365,219.7705,286.3748,111.11,163.04013,150.5345,214.401,278.92697,106.412,166.20242,152.713,217.58882,285.57227,107.91,72246700.0,52112000.0,20516600.0,34569300.0,3902800.0
69,2022-04-12,165.16805,150.7875,213.32512,276.04962,106.58,167.34518,155.099,221.18509,284.54465,114.7,164.16321,150.383,212.31897,274.51306,106.24,165.52269,153.6925,219.40192,283.07663,111.69,79265200.0,55178000.0,20128800.0,30966700.0,3249600.0
70,2022-04-13,167.8673,155.541,214.17189,281.49112,114.89,168.49779,156.025,215.78572,282.43066,115.825,164.29126,149.6,210.52582,275.3058,105.16,164.90204,150.0185,211.01396,276.70532,106.3,70618900.0,53390000.0,19231800.0,21907200.0,4677800.0
71,2022-04-14,162.83327,151.7065,209.38017,273.86713,110.31,168.7244,155.897,214.17188,282.16644,114.66,162.58699,151.472,209.20087,273.368,110.14,168.08405,155.39,214.07225,281.9511,114.66,75329400.0,51598000.0,18379500.0,28221600.0,4499600.0
72,2022-04-18,162.61656,152.785,209.96794,274.54242,105.74,164.12383,154.0395,212.56801,276.44107,109.93,161.13885,150.2505,207.50734,272.40887,103.62,161.48364,151.5235,209.20087,272.96674,109.73,69023900.0,46514000.0,16580800.0,20778000.0,4152500.0
73,2022-04-19,164.91188,158.1155,216.48305,279.22058,111.18,165.32565,158.649,217.59879,280.07208,112.33,161.47377,151.5505,208.20467,272.47742,104.075,162.56726,152.0295,209.71889,273.42676,105.44,67723800.0,54926000.0,20089900.0,22297700.0,3289400.0
74,2022-04-20,164.74442,153.998,199.65732,280.25797,103.7,166.3699,157.6025,213.34503,283.52682,109.91,163.63123,153.6035,198.16302,279.28906,103.4,166.25168,157.6025,212.79713,283.2332,109.53,67929800.0,59630000.0,43036500.0,22906700.0,4512100.0
75,2022-04-21,163.94646,148.296,187.35432,274.82623,100.95,168.9805,156.738,202.19762,287.05008,108.49,163.44405,147.5895,184.8738,274.09222,100.55,166.39946,154.714,200.83284,282.43066,105.2,87227800.0,63970000.0,49954100.0,29454600.0,4395300.0
76,2022-04-22,159.38525,144.35,183.4094,268.1907,100.17,165.3749,149.615,191.98663,277.1653,104.99,159.09956,143.6975,182.57259,267.55457,99.3,163.98586,148.25,189.64557,275.67767,101.155,84882400.0,73078000.0,36426800.0,29405800.0,3784400.0
77,2022-04-25,160.45906,146.074,186.27843,274.73822,102.44,160.74475,146.2215,186.4677,275.1199,103.09,156.10475,142.3065,180.9687,265.00024,98.9,158.7252,144.023,182.03462,267.46655,99.51,96046400.0,61874000.0,29281100.0,35678900.0,2724200.0
78,2022-04-26,154.46945,139.391,180.26143,264.46188,98.36,159.92711,144.856,186.47769,272.4284,101.68,154.39064,138.9295,178.81696,264.24658,96.0,159.83844,144.8,185.91982,271.58676,100.75,95623200.0,77530000.0,31747400.0,46518400.0,3786000.0
79,2022-04-27,154.24286,138.167,174.28424,277.18488,97.62,157.41498,141.9485,180.52043,284.76974,102.04,153.07054,135.7835,168.35689,273.2114,97.297,153.59267,140.1915,173.76622,276.08875,97.69,88063200.0,71336000.0,71062900.0,63477700.0,3522700.0
80,2022-04-28,161.20778,144.5965,204.94711,283.4583,102.56,162.0747,145.9375,207.73647,284.77954,103.92,156.56778,140.3,192.16594,275.4624,95.72,156.88303,142.178,202.14781,279.1129,98.1,130216800.0,117316000.0,100890600.0,33646600.0,3585200.0
81,2022-04-29,155.30682,124.2815,199.70714,271.60635,99.57,163.72975,130.761,211.67143,283.703,107.84,154.91278,121.625,199.1393,270.6081,99.395,159.43456,129.849,203.68196,282.46002,102.67,131747600.0,272662000.0,49193400.0,37073900.0,3609000.0
82,2022-05-02,155.61221,124.5,210.32658,278.40826,104.79,155.87819,124.668,211.07373,278.86826,105.08,150.99191,118.375,200.22517,270.33408,98.17,154.3808,122.401,200.40448,271.7923,99.15,123055300.0,148788000.0,49915300.0,35151100.0,3164700.0
83,2022-05-03,157.10962,124.2535,211.22314,275.77554,103.53,158.32135,126.2205,214.08221,278.07547,106.99,153.9966,122.825,207.29814,274.18027,102.13,155.7994,124.0535,209.64915,277.9091,104.11,88966500.0,79134000.0,41556300.0,25978600.0,2103200.0
84,2022-05-04,163.55241,125.9285,222.55981,283.80087,108.98,164.00557,126.0,223.44643,284.6817,109.34,156.89288,119.183,206.17242,270.83322,99.3,157.29678,123.6,209.84836,276.56833,103.96,108256500.0,110746000.0,41375900.0,33599300.0,3751000.0
85,2022-05-05,154.4399,116.407,207.48741,271.43997,100.84,161.64125,123.499,219.33217,280.2482,107.36,152.64694,115.0725,205.37549,268.4941,99.32,161.41467,123.0,217.90761,279.45544,107.13,130525300.0,144392000.0,41129200.0,43260400.0,3661600.0
86,2022-05-06,155.16997,114.7725,202.99458,268.87585,96.38,157.301,119.0505,208.58324,273.29953,102.03,152.11156,113.0815,200.25505,265.48956,94.01,153.917,114.85,206.551,268.95413,100.49,116124600.0,124260000.0,34747200.0,37780300.0,4635500.0
87,2022-05-09,150.01999,108.789,195.46336,258.9421,92.34,153.73941,114.0,201.79916,266.55634,96.83,149.45764,107.957,194.83575,257.70898,91.65,152.85149,111.3125,199.07954,264.30536,94.05,131577900.0,128124000.0,36303200.0,47726000.0,5766300.0
88,2022-05-10,152.43713,108.859,196.89786,263.75726,90.68,154.63722,112.6425,202.18767,267.9167,98.07,150.87833,107.171,193.45103,259.42166,87.34,153.4336,111.25,198.75078,265.9006,95.6,115366700.0,105434000.0,34452500.0,39336400.0,6315100.0
89,2022-05-11,144.5346,105.372,188.02177,254.99794,84.8,153.36453,110.156,199.90637,265.57758,94.16,143.85387,104.4285,187.55356,253.77458,84.17,151.4407,108.1035,195.58289,260.01862,88.93,142689800.0,109704000.0,31153400.0,48975900.0,6182600.0
90,2022-05-12,140.64746,106.9305,190.51227,249.90877,84.97,144.23863,110.7805,197.29636,254.34224,87.79,136.93791,102.4055,184.07684,244.69234,79.03,140.85464,102.75,186.34816,252.1989,81.13,182602000.0,132026000.0,38262200.0,51033800.0,7178800.0
91,2022-05-13,145.1364,113.055,197.86417,255.55583,94.84,146.11313,113.184,199.12933,257.43494,95.628,141.19006,107.8,190.55211,249.9088,88.254,142.6502,109.069,191.84715,251.86618,88.72,113990900.0,93684000.0,24549800.0,34925100.0,5687600.0
92,2022-05-16,143.58748,110.8105,199.27876,255.92776,88.92,145.54092,113.9925,204.58849,260.15573,95.83,142.24573,110.354,195.1844,250.32965,88.66,143.59735,113.1,196.30016,254.42058,93.43,86643800.0,74566000.0,27112600.0,32550900.0,4501300.0
93,2022-05-17,147.23785,115.3685,201.84895,261.1344,90.94,147.76074,115.8,204.67816,262.6122,95.1,144.71219,111.2765,197.60516,256.86728,86.409,146.86295,113.275,201.35086,260.4395,91.36,78336300.0,76448000.0,24872700.0,28828800.0,4208800.0
94,2022-05-18,138.93077,107.1125,191.50847,249.245,84.69,145.38303,112.853,200.23512,258.58383,91.11,138.0231,106.249,190.90079,247.95993,84.04,144.87987,111.4395,199.23894,257.99524,88.68,109742900.0,108380000.0,23960000.0,31356000.0,3854200.0
95,2022-05-19,135.50734,107.319,190.56206,248.32289,90.94,139.75952,110.034,194.54683,252.76671,93.49,134.7674,106.193,188.8785,247.08687,84.685,138.0034,106.2805,190.4724,249.06842,85.74,136095600.0,88142000.0,24446900.0,32692300.0,4746900.0
96,2022-05-20,135.74414,107.591,192.80348,247.7539,89.74,138.81242,109.898,197.15686,253.62012,94.85,130.83095,105.0095,187.15506,241.75037,85.55,137.22401,109.5685,194.22804,252.34483,92.62,137426100.0,99500000.0,31465600.0,39199300.0,4741400.0
97,2022-05-23,141.19006,107.557,195.48325,255.69002,89.33,141.33804,108.819,196.24036,256.52383,90.25,135.80331,103.95,190.51224,248.6074,85.57,135.94142,108.461,194.4472,250.62822,89.87,117726300.0,107798000.0,25059200.0,33175400.0,11240300.0
98,2022-05-24,138.47694,104.1,180.59015,254.6796,94.34,140.06534,105.4,182.981,256.35706,97.09,135.4876,101.26,175.43982,248.67606,87.33,138.9209,104.025,179.86293,252.98253,94.56,104132700.0,102934000.0,50406300.0,29043900.0,27414900.0
99,2022-05-25,138.63481,106.775,183.13045,257.5244,102.34,139.88776,108.175,184.74428,259.5452,104.266,136.48405,103.65,178.63762,252.237,94.0,136.57285,103.6555,179.71349,253.22778,94.14,92482700.0,93120000.0,28030200.0,28547900.0,13892000.0
100,2022-05-26,141.85104,111.0775,190.90077,260.8401,107.0,142.40353,112.6655,192.0962,262.02707,108.17,135.30013,107.4535,181.56642,256.45514,101.77,135.54677,107.97,182.18407,257.27917,101.895,90601500.0,93002000.0,23056500.0,25002100.0,10633600.0
101,2022-05-27,147.63248,115.1465,194.38745,268.04037,110.42,147.67194,115.187,194.58669,268.1385,111.24,143.31123,112.628,189.07773,262.46848,105.55,143.4395,113.55,190.63179,263.37097,108.0,90978500.0,93660000.0,22562700.0,26910800.0,7097100.0
102,2022-05-31,146.84319,120.2095,192.90314,266.69647,107.45,148.63878,121.9945,196.84807,269.5413,112.87,144.87001,115.675,191.27933,263.8124,105.58,147.07011,116.28,194.14838,267.3439,112.64,103718400.0,144634000.0,26131100.0,37827700.0,5930200.0
103,2022-06-01,146.71494,121.684,187.92215,267.236,107.65,149.70428,125.179,198.7707,272.4057,110.89,145.69875,120.6225,184.296,264.90128,104.92,147.88896,122.256,195.76219,269.9631,107.96,74286600.0,127528000.0,36623500.0,25292200.0,4700800.0
104,2022-06-02,149.18141,125.511,198.10326,269.3549,112.24,149.2406,125.61,200.17534,269.42355,114.08,144.88977,120.045,187.01561,256.62192,107.03,145.84676,121.684,187.73286,259.4177,107.43,72348100.0,100560000.0,31951600.0,44008200.0,4985900.0
105,2022-06-03,143.42963,122.35,190.05403,264.88165,109.42,145.98488,124.4,195.86185,268.2464,111.8,142.52197,121.0465,189.05783,263.3023,107.3,144.92923,124.2,195.23424,265.16614,109.66,88570300.0,97604000.0,19465000.0,28059000.0,3882100.0
106,2022-06-06,144.17941,124.79,193.5108,263.63583,111.01,146.57681,128.99,196.17064,268.9625,112.91,142.95604,123.81,187.68306,262.13495,108.51,145.05746,125.25,193.2518,266.88284,112.33,71598400.0,135269000.0,30574200.0,22400300.0,2867500.0
107,2022-06-07,146.71494,123.0,194.90547,267.3145,115.04,147.00104,124.1,195.78214,267.93253,115.32,142.16678,120.63,190.7613,260.87936,109.05,142.41342,122.01,191.19963,261.56604,110.5,67808200.0,85156700.0,18828700.0,22860700.0,3951900.0
108,2022-06-08,145.975,121.18,195.89172,265.26425,115.46,147.85938,123.75,201.26122,267.80496,116.9,145.48172,120.75,193.67021,264.47946,113.16,146.58669,122.61,193.92921,266.5395,115.4,53950200.0,64926600.0,22267200.0,17372300.0,3583900.0
109,2022-06-09,140.72638,116.15,183.2998,259.75125,110.4,145.96513,121.3,198.69101,267.5205,116.17,140.61786,116.1,182.98102,259.5943,110.34,145.10681,119.99,193.54068,262.68436,112.17,69473000.0,67029800.0,23501600.0,26439700.0,4302600.0
110,2022-06-10,135.29031,109.65,174.90189,248.17577,109.07,138.8716,114.5,182.40323,255.6213,110.99,135.22125,109.05,174.35397,247.72452,106.12,138.39804,113.42,182.34344,255.6213,106.934,91437900.0,87266000.0,27450800.0,31422800.0,5768900.0
111,2022-06-13,130.11073,103.67,163.63492,237.64993,103.32,133.38618,106.54,171.92326,244.28131,106.38,129.67664,101.86,163.40579,236.93382,102.12,131.08745,104.19,169.94083,240.44571,102.82,122207100.0,99277700.0,31749300.0,46135800.0,7183900.0
112,2022-06-14,130.97893,102.31,163.10693,239.83751,106.86,132.09377,104.88,166.11545,241.06372,109.85,129.7161,101.43,160.74596,236.9142,103.78,131.34398,104.19,165.39818,239.2195,103.9,84784300.0,69728800.0,27244300.0,28651500.0,6815000.0
113,2022-06-15,133.61307,107.67,168.70557,246.96916,112.93,135.49745,109.06,171.50487,250.4418,114.73,130.38695,103.53,163.35599,241.73079,106.13,132.48836,103.86,166.56374,243.58482,107.5,91533000.0,85011100.0,30008300.0,33111700.0,5954500.0
114,2022-06-16,128.31511,103.66,160.25783,240.30838,106.09,130.61385,104.58,164.45181,242.71176,109.65,127.30879,102.01,159.00262,238.3955,104.15,130.30801,104.47,163.09698,241.29915,108.1,108123900.0,82186300.0,26944100.0,33169200.0,4714600.0
115,2022-06-17,129.79503,106.22,163.11691,242.93735,110.0,131.29465,106.98,165.26868,245.73312,111.92,128.06851,102.51,159.29152,239.38625,106.393,128.32503,102.8,161.06474,240.04349,107.095,134520300.0,99772100.0,31374200.0,43084800.0,6143400.0
116,2022-06-21,134.0472,108.68,156.45236,248.91147,113.82,135.22124,111.63,167.1216,249.90224,117.37,131.53142,103.56,155.37646,244.76195,110.86,131.63007,108.2,165.29855,245.49768,112.15,81000500.0,70901200.0,50724900.0,29928300.0,6176200.0
117,2022-06-22,133.53416,108.95,155.25693,248.3131,115.17,135.91182,112.13,160.17812,252.27623,119.53,132.11348,107.02,154.84848,245.6056,111.77,132.98166,107.43,157.7773,247.09668,112.03,73409200.0,60040100.0,47267800.0,25939900.0,5481800.0
118,2022-06-23,136.415,112.44,158.14589,253.934,117.67,136.7307,113.0,159.14209,254.43431,118.4,133.81041,107.93,153.66301,248.80354,110.67,134.98445,110.39,155.67532,250.70663,116.24,72433800.0,64345300.0,40499200.0,25861400.0,5464400.0
119,2022-06-24,139.7595,116.46,169.51248,262.6059,122.64,140.00615,116.71,169.60214,262.88055,122.99,137.89487,111.43,160.6862,256.7397,118.12,138.0231,112.38,161.11455,256.82797,118.81,89116800.0,69867600.0,68736000.0,33923200.0,12212800.0
120,2022-06-27,139.7595,113.22,168.84502,259.8493,119.82,141.56496,117.98,171.0964,263.1944,123.73,139.07877,112.7,167.37064,258.26993,117.68,140.78555,117.09,170.66806,263.1061,122.48,70207900.0,62133200.0,29174600.0,24615100.0,3457200.0
121,2022-06-28,135.59615,107.4,160.06854,251.59932,113.13,141.49591,114.85,170.64813,261.83084,122.085,135.47777,107.04,159.99881,251.44237,112.86,140.22322,113.5,169.25346,258.9566,119.82,67083400.0,74942900.0,27744500.0,27295500.0,3692500.0
122,2022-06-29,137.36212,108.92,163.31613,255.30739,111.87,138.7828,110.99,165.69704,256.98483,113.72,134.83647,106.91,159.70992,250.893,110.04,135.61588,107.38,162.94754,252.68819,112.93,66242400.0,66375300.0,28595200.0,20069800.0,2711800.0
123,2022-06-30,134.8858,106.21,160.63637,251.94269,107.97,136.51366,108.18,164.60121,254.59132,111.0,131.97539,102.52,157.88687,248.08748,104.78,135.40869,108.11,161.53294,252.15851,110.0,98964500.0,97679400.0,35250600.0,31730900.0,4249600.0
124,2022-07-01,137.06615,109.56,159.42102,254.64034,110.97,137.17467,109.75,160.00877,254.82672,111.979,133.84003,105.85,154.41016,249.76492,106.83,134.21492,106.29,159.69995,251.51106,108.77,71051600.0,73021200.0,31423900.0,22837700.0,2800300.0
125,2022-07-05,139.66084,113.5,167.54996,257.8481,120.42,139.71017,114.08,167.60973,257.97565,120.75,135.09296,106.32,156.42247,249.89244,108.41,135.92169,107.6,157.5382,251.28542,110.56,73353800.0,76583700.0,28618600.0,22941000.0,5310000.0
126,2022-07-06,141.00261,114.33,169.12396,261.14417,117.06,142.18651,115.48,170.93703,262.8903,123.96,139.1873,112.01,164.83037,257.40668,116.57,139.45367,113.21,167.55994,258.731,120.68,74064300.0,66958900.0,23085900.0,23824400.0,4198100.0
127,2022-07-07,144.38661,116.33,171.53476,263.29245,120.74,144.58392,116.99,172.06274,263.93988,121.26,141.35779,113.49,167.14154,259.97678,116.33,141.36765,113.85,168.80518,260.07486,116.5,66253700.0,57872300.0,24083400.0,20859900.0,3036600.0
128,2022-07-08,145.06732,115.54,170.22974,262.5666,119.8,145.5705,116.58,171.74394,262.99823,124.05,143.0547,113.69,167.51012,258.27975,117.66,143.3112,114.6,169.33315,259.75122,118.62,64547800.0,45719700.0,19249200.0,19658800.0,3261700.0
129,2022-07-11,142.92642,111.75,162.26016,259.4765,108.38,144.67268,114.3,166.85262,261.45804,117.54,141.85104,110.87,161.29385,257.19083,107.73,143.7157,114.08,166.43422,260.5948,117.16,63141600.0,53487600.0,21885600.0,19455200.0,5461800.0
130,2022-07-12,143.90315,109.22,162.6487,248.84279,107.99,146.4584,113.23,165.27866,260.8793,113.6,143.10402,108.34,161.48315,247.2438,106.91,143.80449,112.16,164.17287,260.82043,109.79,77588800.0,54280300.0,16639700.0,35868500.0,4205100.0
131,2022-07-13,143.53816,110.4,162.86786,247.9109,101.01,144.48528,111.78,164.35217,248.72511,105.4,140.21336,106.01,159.00262,243.38863,99.8,141.0717,107.03,159.55052,245.42905,103.635,71185600.0,61353800.0,16555100.0,29497400.0,7903000.0
132,2022-07-14,146.47816,110.63,157.44856,249.245,97.35,146.95172,111.18,161.97128,250.28482,101.44,141.3282,107.58,156.68149,241.2599,96.84,142.14706,110.24,160.60649,245.80179,101.35,78140700.0,51163100.0,23765200.0,25102800.0,5552600.0
133,2022-07-15,148.15533,113.55,164.07324,251.83478,99.85,148.83607,115.59,164.35217,255.41531,99.97,146.21176,111.59,159.21182,249.92189,96.11,147.77057,112.5,159.92906,250.8538,97.86,76259900.0,84317800.0,23342800.0,29774100.0,4714400.0
134,2022-07-18,145.09697,113.76,166.59361,249.41176,98.92,149.5366,117.24,171.03665,255.87636,102.18,144.73192,113.15,165.00967,248.47984,98.49,148.71773,115.0,166.11545,254.8071,101.98,81420900.0,59115400.0,23574300.0,20975000.0,6516500.0
135,2022-07-19,148.97423,118.21,175.1111,254.59131,102.08,149.20114,118.95,175.8184,254.7777,102.219,144.9391,114.03,168.86496,248.85263,97.65,145.93555,115.7,169.72168,252.6784,100.4,82982400.0,60990000.0,25933700.0,25012600.0,2829500.0
136,2022-07-20,150.98686,122.77,182.39325,257.27914,107.09,151.65775,123.48,182.90132,259.82968,109.87,148.35268,118.32,176.02757,253.9831,103.375,149.09262,118.62,176.81458,254.95425,103.49,64823400.0,71268300.0,24784300.0,22788300.0,4298100.0
137,2022-07-21,153.26585,124.63,182.47296,259.80026,110.85,153.48291,124.85,183.15038,259.84933,111.27,149.9016,121.26,178.18932,252.13889,107.3,152.42725,123.2,179.94263,254.84637,107.5,65086600.0,60239900.0,27195800.0,22404700.0,2982100.0
138,2022-07-22,152.02274,122.42,168.62587,255.4055,106.55,154.18335,125.5,174.93178,260.2809,112.95,151.35187,121.35,167.76913,254.14008,105.69,153.3053,125.01,172.4114,260.19266,111.0,66675400.0,51463800.0,42583900.0,21881300.0,2656800.0
139,2022-07-25,150.89807,121.14,166.01582,253.90462,106.1,152.96002,123.64,169.92091,256.52383,106.96,150.23706,120.03,164.18283,251.92307,103.91,151.94385,122.7,168.35689,256.03333,106.39,53623900.0,50221300.0,26166300.0,21056000.0,2039800.0
140,2022-07-26,149.56616,114.81,158.54437,247.10648,100.33,151.03616,118.15,165.36832,254.93463,105.13,148.77689,114.53,157.34894,244.82083,100.01,150.2173,115.79,165.30855,254.915,105.03,55138700.0,67075100.0,28468400.0,39348000.0,2878200.0
141,2022-07-27,154.68654,120.97,168.93468,263.626,105.91,155.2193,121.9,170.21976,264.91107,106.46,150.11867,117.16,161.40344,253.92422,100.55,150.53302,117.31,161.97127,256.19028,102.16,78620700.0,61582000.0,43846600.0,45994000.0,3182800.0
142,2022-07-28,155.23903,122.28,160.1084,271.15005,106.22,155.52513,122.84,160.89539,272.55283,106.902,152.33847,118.08,154.26074,262.77255,100.81,154.87398,121.57,160.4471,264.6168,104.46,81378700.0,82245500.0,73214300.0,33459300.0,2380000.0
143,2022-07-29,160.32979,134.95,158.49457,275.39767,103.86,161.43477,137.65,159.53061,276.6337,105.485,157.36017,132.41,154.57951,271.3659,101.01,159.07684,134.9,157.08994,272.41556,105.485,101786900.0,148892900.0,42065400.0,32152800.0,3975900.0
144,2022-08-01,159.34323,135.39,159.32141,272.71967,105.39,161.39532,138.83,164.5614,275.92743,107.92,158.73155,133.51,154.6393,270.59094,101.85,158.84995,134.96,156.65161,272.53326,103.38,67829400.0,76846900.0,40596700.0,21539600.0,2386200.0
145,2022-08-02,157.86334,134.16,159.58041,269.59033,108.16,160.23116,137.44,161.62262,272.60193,109.98,157.48845,134.09,157.4087,267.19675,102.9,157.95215,134.72,157.70757,270.74786,103.04,59907000.0,61922400.0,27374500.0,22754200.0,2519900.0
146,2022-08-03,163.90123,139.52,168.15764,277.09473,112.97,164.35506,140.49,168.8948,278.10513,114.0,158.5934,136.05,160.95515,271.34622,109.22,158.68219,136.21,162.07089,271.4934,109.31,82507500.0,71827800.0,31721900.0,23518900.0,2653500.0
147,2022-08-04,163.58553,142.57,169.92093,278.2523,112.86,164.94702,143.56,171.4949,278.3994,115.0,162.22403,139.55,166.16527,274.83853,110.14,163.78284,140.58,167.65956,276.4375,114.07,55474100.0,70585000.0,23938200.0,18098700.0,2149800.0
148,2022-08-05,163.35829,140.8,166.47408,277.5264,113.85,163.85226,142.86,170.95695,278.25232,114.32,161.03659,139.6,165.16907,273.3769,108.74,161.24406,140.1,166.35454,273.83795,110.0,56697000.0,50686900.0,25832700.0,16774600.0,2639900.0
149,2022-08-08,162.88406,139.41,169.60214,274.98566,114.74,165.78865,144.23,176.8345,280.4791,119.82,162.22214,138.29,166.49402,274.0047,113.82,164.366,142.05,167.3607,278.64465,114.77,60276900.0,52229000.0,27299100.0,18739200.0,2832500.0
150,2022-08-09,162.93349,137.83,167.88867,276.92795,105.29,163.82266,138.95,168.88487,277.6931,112.804,161.2836,136.21,165.96602,272.32718,104.91,162.04433,138.05,168.30707,274.3186,111.78,63135500.0,40434700.0,18655100.0,23405200.0,5822800.0
151,2022-08-10,167.20145,142.69,177.66133,283.6575,112.01,167.30023,144.6,179.79318,284.29514,112.42,164.88962,141.01,173.28804,281.47974,108.8,165.66022,142.9,175.32028,282.68634,111.35,70170500.0,54773800.0,30262100.0,24687800.0,3756600.0
152,2022-08-11,166.4605,140.64,176.81458,281.5582,108.06,168.93039,144.49,182.40323,285.66846,114.99,166.16411,139.76,175.69882,281.05792,107.24,168.01158,143.86,179.02612,285.31534,114.0,57149200.0,44867300.0,24079100.0,20065900.0,4067800.0
153,2022-08-12,170.027,143.55,179.81313,286.35513,109.52,170.09615,143.57,180.76949,286.35513,110.09,167.3595,140.12,178.22919,281.4797,107.28,167.77446,142.05,180.12195,282.99042,109.41,68039400.0,47643500.0,21274000.0,22619700.0,2488900.0
154,2022-08-15,171.10387,143.18,180.20164,287.88544,113.23,171.30145,143.76,180.74956,288.5819,113.79,169.28604,141.49,177.52188,284.58936,108.35,169.45398,142.8,178.27899,285.46243,109.41,54091700.0,39014600.0,15878700.0,18085700.0,2737400.0
155,2022-08-16,170.9458,144.78,178.78705,287.13992,109.19,171.61761,146.57,180.30127,288.44464,109.93,169.5923,142.0,176.36629,284.89352,103.32,170.6988,143.91,178.75716,286.43362,107.815,56377100.0,59102900.0,21156700.0,18102900.0,7520100.0
156,2022-08-17,172.4475,142.1,174.18463,286.38297,102.38,174.02821,143.38,177.46211,288.37857,107.35,170.49135,140.78,173.50722,284.5643,102.02,170.68893,142.69,176.08736,284.8297,106.22,79542000.0,48149800.0,20118100.0,18253400.0,4257200.0
157,2022-08-18,172.05228,142.3,173.99533,285.2524,103.18,172.79324,142.77,175.09114,286.96292,104.57,171.03468,140.38,171.20598,284.18085,100.64,171.6571,141.32,173.67654,285.27206,101.76,62290100.0,37458700.0,18844500.0,17186200.0,3091700.0
158,2022-08-19,169.45398,138.23,167.32085,281.30054,99.5,171.64725,141.11,171.66426,284.348,102.15,169.2465,137.91,166.4143,280.72055,98.8,170.94579,140.47,169.5523,284.00394,100.9,70346300.0,47792800.0,26240800.0,20570000.0,3747900.0
159,2022-08-22,165.55156,133.22,162.42953,273.04294,97.44,167.81396,136.32,164.86024,277.6731,100.14,165.12672,132.85,161.64253,272.5219,96.48,167.64601,135.72,164.86024,277.29953,98.2,69026800.0,50461500.0,19499700.0,25061100.0,8274100.0
160,2022-08-23,165.21565,133.62,160.49692,271.75513,81.32,166.67784,134.99,164.42192,274.1341,87.59,164.64264,132.95,160.08847,270.73276,81.13,165.06746,133.41,161.8617,271.75513,84.56,54147100.0,36252100.0,18111800.0,17527400.0,31475400.0
161,2022-08-24,165.51204,133.8,162.63872,271.11615,83.61,166.08505,135.47,164.83035,272.53174,85.07,164.24745,132.1,159.162,270.44766,80.5,165.30458,132.75,159.98885,270.74258,81.64,53841500.0,38627000.0,20891500.0,18137000.0,11133300.0
162,2022-08-25,167.98192,137.28,168.13773,274.12427,85.72,168.09059,137.42,168.23735,274.29138,85.76,166.32216,134.28,163.39584,269.86765,82.43,166.74698,135.26,164.55142,272.63,83.6,51218200.0,37496300.0,15550500.0,16583400.0,5409700.0
163,2022-08-26,161.64912,130.75,161.16435,263.54666,81.41,168.98964,137.83,170.26958,275.58905,85.02,161.58984,130.5,161.05476,263.43854,80.28,168.51543,136.55,167.83885,274.3504,84.15,78961000.0,53322700.0,24023600.0,27549300.0,5927400.0
164,2022-08-29,159.43616,129.79,158.56429,260.73508,81.0,160.93784,131.95,162.42952,262.8683,82.95,157.89494,128.77,158.40489,259.37845,80.12,159.20892,129.9,160.04861,261.34457,80.37,73314000.0,48101600.0,20052700.0,20338500.0,5211000.0
165,2022-08-30,156.99586,128.73,156.56195,258.51343,81.42,160.6019,132.07,161.04483,262.52426,82.75,155.82019,126.85,155.31671,256.24258,79.82,160.17708,131.25,159.7398,262.15073,82.0,77906200.0,49203000.0,19567900.0,22767100.0,4142500.0
166,2022-08-31,155.32622,126.77,162.30998,257.03882,80.4,158.64575,130.59,167.2013,262.58322,83.47,155.24718,126.74,161.523,256.90118,79.34,158.379,129.45,166.43425,260.8924,82.968,87991100.0,53648700.0,40953000.0,24791800.0,4838000.0
167,2022-09-01,156.05731,127.82,164.73076,255.98694,81.14,156.51176,128.02,166.72314,256.46866,81.24,152.80693,123.66,159.73982,251.08151,77.79,154.7532,126.0,162.95753,254.48286,79.29,74229900.0,56636100.0,30145700.0,23263400.0,6795400.0
168,2022-09-02,153.9332,127.51,159.70993,251.72049,80.79,158.42839,131.38,167.29095,260.2534,83.31,153.10332,126.39,158.6141,250.15744,80.05,157.82574,129.5,166.81279,257.26492,82.01,76957800.0,57429800.0,22634200.0,22855400.0,4570900.0
169,2022-09-06,152.66861,126.11,157.93668,248.95811,80.02,155.19777,128.62,161.07469,253.46048,81.08,151.83873,124.74,157.08992,247.67032,79.57,154.58525,127.92,159.49075,251.85814,80.56,73714800.0,43888600.0,19339800.0,21328200.0,3576100.0
170,2022-09-07,154.08142,129.48,159.77966,253.71608,81.02,154.78287,129.82,160.3475,254.44353,81.36,151.75972,125.4,156.21329,248.92862,79.34,152.95515,126.12,157.15967,250.38353,79.96,87449600.0,47900300.0,16831200.0,24126700.0,4329600.0
171,2022-09-08,152.59946,129.82,161.4433,254.13878,80.23,154.47656,130.28,161.61266,256.01642,81.47,150.84088,127.1,157.13974,250.472,79.4,152.77728,127.72,158.10605,253.14592,80.24,84923800.0,43988500.0,22530800.0,20319900.0,3674700.0
172,2022-09-09,155.47441,133.27,168.50632,259.97812,82.62,155.919,133.69,168.89484,260.73508,83.7,152.88597,130.76,162.39966,255.8788,81.54,153.5973,130.91,162.62877,256.08524,81.59,68028800.0,49387600.0,22086800.0,22084700.0,3964000.0
173,2022-09-12,161.46143,136.45,168.31705,262.131,84.08,162.28143,136.49,170.7378,262.91748,84.78,157.38118,134.0,166.64343,260.66626,82.43,157.66768,134.1,166.75302,261.27576,82.43,104956000.0,53826900.0,23220400.0,18747700.0,3928900.0
174,2022-09-13,151.98694,126.82,152.54729,247.71945,78.86,158.60623,131.4,161.01494,255.98691,80.15,151.5226,126.27,152.08904,247.32622,78.62,157.97394,131.01,160.92528,254.45335,80.0,122656600.0,72694000.0,44444100.0,33353300.0,4654500.0
175,2022-09-14,153.43922,128.55,150.8936,247.94557,79.59,155.20767,128.84,152.95572,249.92151,80.41,151.7597,126.33,148.48282,245.62556,77.93,152.92548,127.36,152.74652,249.23337,78.86,87965400.0,45316800.0,43064200.0,23913000.0,4196500.0
176,2022-09-15,150.53464,126.28,148.98091,241.2215,80.21,153.37007,130.37,153.6132,247.13947,81.97,149.55658,125.5,148.13414,239.88454,78.26,152.78717,127.38,149.22997,245.5371,78.64,90481100.0,52887200.0,34606300.0,31530900.0,4247500.0
177,2022-09-16,148.88477,123.53,145.7333,240.59235,78.68,149.52695,123.87,148.0146,241.14285,79.23,146.58282,120.7,143.74092,237.95776,77.33,149.38863,122.78,147.48662,240.12047,78.14,162278800.0,115667800.0,40122800.0,39791800.0,6150700.0
178,2022-09-19,152.61923,124.66,147.45674,240.37607,78.32,152.69827,124.71,148.0146,240.98555,79.0,147.30405,121.8,144.54785,236.76826,76.75,147.5115,122.16,144.68732,238.36081,78.06,81474200.0,47279700.0,22169500.0,26826900.0,4515000.0
179,2022-09-20,155.01007,122.19,145.53406,238.34114,77.09,156.17586,124.4,148.27359,239.38318,78.84,151.2361,121.14,144.66737,235.57877,76.76,151.55223,123.35,145.22523,237.96759,77.45,107689800.0,47698400.0,23217400.0,26660300.0,3157800.0
180,2022-09-21,151.86836,118.54,141.57918,234.90048,75.94,156.8279,123.76,149.03073,243.46288,78.83,151.74982,118.45,141.45964,234.85133,75.32,155.44475,122.49,145.83293,240.13033,77.83,101696800.0,58498900.0,38338600.0,28625600.0,3274100.0
181,2022-09-22,150.90018,117.31,142.27652,236.89604,74.54,152.60933,118.79,144.02982,239.72723,75.77,149.09222,116.26,140.33392,233.54384,74.33,150.54451,117.08,141.01135,233.83875,75.0,86652500.0,55229200.0,34418500.0,31061200.0,4116200.0
182,2022-09-23,148.61801,113.78,139.8757,233.88791,74.45,149.6455,116.05,142.07729,237.04352,74.95,146.77054,112.06,138.36148,231.214,73.321,149.36887,116.0,140.88185,235.48045,74.16,96029900.0,65126700.0,31710700.0,34176000.0,3944700.0
183,2022-09-26,148.95393,115.15,135.85106,233.42589,73.33,151.9178,117.34,141.69873,237.3581,76.87,147.83754,113.13,135.67175,232.88521,73.24,147.8573,113.3,139.58679,233.03267,74.82,93339400.0,62723300.0,30497000.0,27694200.0,3068800.0
184,2022-09-27,149.93199,114.41,133.88855,232.4035,74.26,152.85634,118.32,138.88945,237.70216,75.99,148.1438,113.05,133.60962,230.52586,72.96,150.90019,117.2,137.39516,235.913,74.9,84442700.0,60094700.0,30826500.0,27018700.0,3576500.0
185,2022-09-28,148.0351,118.01,141.07114,236.98456,75.89,148.82545,118.7,141.48953,238.2232,76.225,143.09532,113.8,133.75906,230.752,74.05,145.8616,114.38,134.10773,232.79674,74.31,146691400.0,55763800.0,32658500.0,29029700.0,2856700.0
186,2022-09-29,140.76376,114.8,135.89091,233.47504,74.47,144.9527,116.07,139.30786,235.88351,75.22,138.98544,113.06,134.68552,230.43741,73.6,144.34016,115.6,138.82968,234.84148,74.27,128138200.0,58969700.0,38985400.0,27484200.0,2930400.0
187,2022-09-30,136.5353,113.0,135.16367,228.95299,73.59,141.37628,116.92,140.45348,236.46352,76.25,136.3377,112.84,134.98436,228.78587,73.48,139.5782,114.08,135.53227,234.25165,74.6,124925300.0,59479600.0,33166400.0,35694800.0,3539700.0
188,2022-10-03,140.73415,115.88,138.08253,236.66016,73.94,141.3467,116.91,139.08868,237.51541,74.87,136.0315,112.45,135.58209,230.6832,71.69,136.54523,113.58,136.61813,231.42049,73.91,114311700.0,50941900.0,27723100.0,28880400.0,4182000.0
189,2022-10-04,144.3402,121.09,139.74619,244.6622,77.54,144.45874,123.0,141.84816,246.11711,78.45,142.52235,119.79,138.80975,240.8283,75.734,143.28308,119.89,139.9554,240.93642,75.83,87830100.0,62812600.0,34670700.0,34888400.0,4703000.0
190,2022-10-05,144.63654,120.95,138.45113,244.97675,77.52,145.60474,121.75,139.67645,246.33336,77.87,141.28737,117.69,134.2671,239.96318,74.96,142.33461,118.58,137.71396,241.82115,75.58,79471000.0,48217500.0,27979300.0,20347100.0,2604500.0
191,2022-10-06,143.67824,120.3,138.5408,242.60759,78.35,145.76282,121.53,140.91173,246.09743,79.0,143.47078,119.5,136.0802,241.90964,76.96,144.05367,120.77,137.19594,243.72827,77.73,68402200.0,42253800.0,36231100.0,20239900.0,2185800.0
192,2022-10-07,138.40257,114.56,132.94217,230.2703,76.59,141.37633,118.17,137.76375,237.23032,78.33,137.77028,113.88,131.93602,229.21841,75.36,140.82306,118.0,136.23958,236.81741,75.64,85925600.0,54678000.0,33214800.0,37769600.0,4464200.0
193,2022-10-10,138.72858,113.67,133.28087,225.36485,73.72,140.18088,116.25,135.59204,230.58485,76.196,136.90086,112.43,131.36818,222.88756,72.29,138.72858,115.1,133.0418,229.10046,75.99,74899000.0,42339700.0,24024000.0,29743600.0,4777500.0
194,2022-10-11,137.30594,112.21,128.05084,221.58994,73.71,139.6474,115.48,132.15517,225.17807,74.55,136.5551,110.39,126.506744,220.31197,70.435,138.21486,112.71,131.11913,223.76247,71.46,77033700.0,56432200.0,38481400.0,30474000.0,5389700.0
195,2022-10-12,136.67363,112.9,127.01481,221.92418,75.22,138.6693,113.83,129.17654,223.99843,76.55,136.4958,111.4,125.76956,220.16452,73.4,137.45412,112.49,127.831696,221.58011,74.29,70433700.0,45728700.0,34605200.0,21903900.0,3941000.0
196,2022-10-13,141.26762,112.53,129.79419,230.2703,74.73,141.86038,113.44,130.64096,232.09877,75.42,132.75145,105.35,122.06373,215.41637,71.65,133.36398,107.88,123.05992,216.12416,71.65,113224000.0,86868100.0,34325700.0,42551800.0,5754500.0
197,2022-10-14,136.71318,106.9,126.27763,224.68654,72.29,142.77922,114.96,131.28848,233.21945,76.9,136.52547,106.6,126.03854,224.47026,72.14,142.57175,114.1,130.5015,231.54825,75.75,88598000.0,67737300.0,23559400.0,30198600.0,2830800.0
198,2022-10-17,140.69461,113.79,133.52992,233.50452,76.69,141.1787,114.19,134.27707,234.9103,77.43,138.58038,110.09,129.68462,231.15501,74.51,139.37076,110.11,129.80417,231.8235,75.064,85250900.0,62782000.0,29612200.0,28142300.0,3431600.0
199,2022-10-18,142.01848,116.36,132.29463,234.45807,78.23,144.93294,119.52,137.31544,239.79604,80.78,138.9163,114.79,130.89995,231.3811,77.33,143.73752,119.06,136.5683,239.11774,79.52,99136600.0,65607400.0,25445000.0,26329600.0,3539400.0
200,2022-10-19,142.12714,115.07,132.723,232.47232,76.33,143.20401,116.59,136.47867,235.54929,78.04,139.79556,113.22,131.71686,230.31943,75.59,139.98328,114.71,132.38431,233.02283,77.52,61758300.0,47198100.0,30691000.0,19985700.0,1955800.0
201,2022-10-20,141.66283,115.25,131.02948,232.14792,79.96,144.13272,118.24,136.24954,237.22047,81.5,140.93173,113.51,130.81032,230.88962,76.58,141.29729,113.83,132.42415,231.77437,76.67,64522000.0,48795100.0,26356300.0,21811000.0,4156900.0
202,2022-10-21,145.49608,119.32,129.51526,238.01675,80.98,146.06909,119.59,129.62485,238.88185,81.1,140.93172,114.5,124.962654,230.5259,77.6,141.14906,114.79,125.82934,230.76184,79.64,86548600.0,55660500.0,46348600.0,26299700.0,3312100.0
203,2022-10-24,147.6498,119.82,129.22636,243.05981,80.61,148.4204,120.39,132.97205,243.63982,80.66,144.24135,116.57,124.09596,237.21065,78.18,145.41702,119.98,126.76576,239.62895,80.4,75981900.0,49531500.0,63563400.0,24911200.0,2731600.0
204,2022-10-25,150.50504,120.6,136.98672,246.412,84.09,150.65324,121.32,137.82355,246.78555,84.13,147.56093,118.95,130.09306,241.66385,81.46,148.28214,119.65,130.38196,243.06961,81.54,74732300.0,50934600.0,38433200.0,34775500.0,2992300.0
205,2022-10-26,147.55101,115.66,129.32597,227.39977,83.37,150.15921,119.35,135.03416,234.26147,85.46,146.25677,114.76,128.04088,226.1611,82.19,149.14162,116.0,131.17888,227.2523,82.35,88194300.0,68802300.0,82791500.0,82543200.0,2599700.0
206,2022-10-27,143.05582,110.96,97.5673,222.90721,82.61,147.25462,114.12,102.10995,229.7296,85.03,142.39389,109.77,96.01323,221.95364,82.47,146.28644,113.92,97.60715,227.1245,83.68,109180200.0,129605400.0,232316600.0,40424600.0,2579400.0
207,2022-10-28,153.86406,103.41,98.8225,231.87265,84.21,155.60286,103.96,100.466225,232.59029,84.245,146.03946,97.66,97.13894,222.21909,81.32,146.41487,97.91,99.20106,222.40587,81.735,164762400.0,223133400.0,95928300.0,40647700.0,2370800.0
208,2022-10-31,151.49297,102.44,92.8055,228.19603,83.44,152.38214,104.87,98.942055,230.93874,84.575,150.09007,100.74,92.24762,227.23262,82.34,151.31514,103.56,97.84624,229.7984,83.69,97943200.0,99251400.0,121361400.0,28357300.0,1908600.0
209,2022-11-01,148.83534,96.79,94.83772,224.30315,82.89,153.57753,104.58,97.11901,231.74486,86.31,147.33366,96.06,93.19401,223.47739,82.79,153.21199,103.99,93.97104,230.62418,85.5,80379300.0,153370000.0,110189600.0,30592300.0,1834900.0
210,2022-11-02,143.28308,92.12,90.195465,216.36992,78.6,150.33708,97.74,94.83773,227.38011,84.36,143.25345,92.01,90.1357,216.31093,78.59,147.15587,97.32,93.8515,225.57129,83.28,93604600.0,135761800.0,71821100.0,38407000.0,3381000.0
211,2022-11-03,137.20715,89.3,88.57166,210.61906,78.39,141.07994,93.5,90.11576,216.67467,81.23,137.07872,89.02,88.07356,210.35364,77.23,140.34885,92.47,89.737206,216.36009,77.8,97918500.0,136683300.0,60664000.0,36633900.0,3156400.0
212,2022-11-04,136.93996,90.98,90.44452,217.63806,77.46,141.1853,92.44,91.04224,217.83467,79.74,132.98158,88.04,87.75479,209.81296,75.835,140.61134,91.49,90.00619,213.86314,79.44,140814800.0,129101300.0,55638100.0,36789100.0,3969300.0
213,2022-11-07,137.4743,90.53,96.351944,224.00822,79.61,137.7019,92.1,96.51133,224.53908,80.32,134.25813,89.04,92.74572,217.5299,77.26,135.68314,91.95,94.41933,218.22789,78.07,83374600.0,77495700.0,81987300.0,33498000.0,3317800.0
214,2022-11-08,138.04828,89.98,96.1029,224.99129,78.31,139.95819,91.72,97.42784,227.72417,81.935,136.0592,88.23,94.42929,222.01263,78.01,138.9488,90.79,95.554985,224.82417,80.22,89908500.0,88703400.0,52088300.0,28192500.0,3987100.0
215,2022-11-09,133.46645,86.14,101.08386,220.7052,71.84,137.10815,89.48,104.50081,224.75539,77.53,133.18936,85.87,100.356636,220.52826,70.92,137.05867,89.47,101.33291,223.51674,77.53,74917800.0,90796200.0,107677300.0,27852900.0,6019800.0
216,2022-11-10,145.3416,96.63,111.4443,238.86217,82.23,145.3416,98.69,112.320946,239.20624,82.35,138.0483,91.65,104.21192,231.01741,76.75,139.7702,92.94,106.71237,231.44011,76.87,118854000.0,173414900.0,80671000.0,46268000.0,4908600.0
217,2022-11-11,148.14217,100.79,112.58991,242.9222,88.32,148.44894,101.19,114.46276,243.7873,89.67,142.86763,96.66,108.395935,237.82997,80.05,144.30255,97.88,108.81434,238.87202,81.46,93979700.0,111590500.0,59961700.0,34620200.0,5906400.0
218,2022-11-14,146.73692,98.49,113.785355,237.4564,84.35,148.71611,100.12,115.82755,239.77641,87.99,145.89577,97.29,110.37837,235.15607,84.21,147.41974,98.77,110.56764,237.88895,86.72,73374100.0,99533100.0,53395000.0,31123300.0,2883600.0
219,2022-11-15,148.4786,98.94,116.634476,237.86928,87.44,151.99167,103.79,118.288155,242.81403,89.37,147.014,97.34,113.97464,235.96216,85.72,150.63593,103.21,115.62832,241.49675,88.25,89868300.0,111336300.0,50670500.0,31390100.0,2776500.0
220,2022-11-16,147.24161,97.12,112.79912,238.30305,83.5,148.31036,98.49,115.63827,240.34372,85.23,145.75722,95.54,112.231285,237.01163,83.13,147.57808,96.85,114.064285,239.34802,85.06,64218300.0,87958800.0,33287800.0,24093300.0,2709400.0
221,2022-11-17,149.15152,94.85,111.02589,238.25375,82.59,149.90361,96.97,111.90254,239.8015,83.21,144.62907,94.03,109.38217,234.26118,80.34,144.90616,95.37,109.98985,234.40904,81.2,80389400.0,82617900.0,35093800.0,23123500.0,2284100.0
222,2022-11-18,149.71559,94.14,111.62361,237.80026,81.64,151.11092,95.99,113.88497,240.28455,83.605,148.40933,92.48,110.19905,235.64131,80.14,150.72498,95.95,113.36695,240.05779,83.34,74829600.0,72428200.0,33357700.0,27613500.0,3125300.0
223,2022-11-21,146.46973,92.46,109.44194,238.6185,80.26,148.80516,95.02,111.94239,241.20135,82.518,146.18275,90.59,108.77449,237.77069,79.77,148.59737,93.97,111.09562,238.00728,81.21,58724100.0,84330300.0,24351100.0,26394700.0,7234000.0
224,2022-11-22,148.61713,93.2,111.01593,241.55626,77.15,148.85463,93.35,111.195244,241.83229,77.44,145.40096,90.87,107.9078,237.29752,71.9,146.58847,92.62,109.44194,240.13667,75.18,51804100.0,62192000.0,29029000.0,19665700.0,15729400.0
225,2022-11-23,149.4979,94.13,111.81288,244.07011,76.14,150.24998,94.58,112.24125,244.7602,77.28,147.78589,92.83,110.30863,240.80704,74.85,147.89474,93.24,111.29486,241.63513,76.14,58301400.0,59414700.0,21343100.0,19508500.0,4938100.0
226,2022-11-25,146.56871,93.41,110.98604,243.98138,75.4,147.3307,94.43,112.30102,245.17422,76.99,145.589,93.07,110.59752,243.23215,74.83,146.76663,93.79,110.87646,243.80392,75.31,35195900.0,35088600.0,12007600.0,9200800.0,2658000.0
227,2022-11-28,142.71916,93.95,108.36605,238.33261,71.59,145.11398,96.4,111.61365,243.15329,76.5,141.88791,93.43,107.967575,237.38623,71.3,143.6296,93.93,110.35844,242.59137,74.72,69246000.0,74943100.0,23309400.0,24778200.0,6245400.0
228,2022-11-29,139.70093,92.42,109.04346,236.92291,70.57,143.30305,94.41,110.51783,239.34802,72.62,138.88947,91.44,108.12696,234.83298,70.29,142.78845,94.04,109.12315,237.97774,71.66,83763800.0,65567300.0,23899200.0,17956300.0,4879300.0
229,2022-11-30,146.48953,96.54,117.65057,251.52293,75.43,147.17235,96.54,117.71035,251.71024,75.44,139.08737,91.53,108.96375,236.45955,69.54,139.92853,92.47,109.09327,237.1595,70.76,111380900.0,102805800.0,43348600.0,47594200.0,6213800.0
230,2022-12-01,146.76662,95.5,119.981674,251.07932,77.43,147.5781,97.23,120.73878,252.48903,81.69,145.0843,94.92,117.94944,247.36276,75.858,146.66766,96.99,118.74638,250.27094,75.89,71250400.0,68488000.0,36551400.0,26041500.0,4777700.0
231,2022-12-02,146.27184,94.13,123.02007,251.40462,74.31,146.45985,95.36,123.567986,252.42987,76.36,144.13431,93.78,117.16245,246.15018,73.85,144.4411,94.48,117.381615,246.27834,74.58,65447400.0,72496400.0,39950500.0,21528500.0,3296300.0
232,2022-12-05,145.10411,91.01,121.96411,246.65297,72.9,149.34946,94.06,124.19559,250.22166,75.22,144.25307,90.82,120.88822,244.5433,72.54,146.23225,93.05,121.2867,248.4373,74.26,68826400.0,71535500.0,35474900.0,23435300.0,2942800.0
233,2022-12-06,141.4228,88.25,113.68574,241.64496,71.47,145.76712,91.04,120.09127,248.28941,73.0,140.4431,87.9,113.30718,240.32396,70.88,145.53952,90.5,119.453705,247.26416,72.79,64727200.0,75503600.0,43689200.0,22463700.0,2661100.0
234,2022-12-07,139.47331,88.46,113.49645,240.90561,69.87,141.87802,89.89,115.439026,242.67024,71.465,138.54309,87.48,112.45045,238.77625,69.741,140.71031,88.34,113.3271,241.3591,71.25,69721100.0,68086900.0,29461100.0,20481500.0,3422100.0
235,2022-12-08,141.16553,90.35,114.89112,243.89265,72.36,142.02649,90.86,116.89346,245.21367,72.41,139.63167,87.88,114.15393,239.61418,68.88,140.87856,89.24,115.94708,241.36894,70.12,62128300.0,73305900.0,30619400.0,22611800.0,3056300.0
236,2022-12-09,140.68062,89.09,115.458954,241.94072,72.16,144.05513,90.3,117.09271,244.78975,73.74,139.43372,88.63,113.43668,240.6986,71.854,140.85873,88.9,114.86124,241.23093,72.33,76097000.0,67398500.0,26033400.0,20609700.0,2185200.0
237,2022-12-12,142.98636,90.55,114.27348,248.93019,73.69,142.99625,90.58,115.27964,248.95976,73.72,139.59204,87.87,112.70946,243.6659,70.11,141.21498,89.21,114.7417,243.94193,70.91,70462700.0,61999800.0,24747100.0,30665100.0,2836900.0
238,2022-12-13,143.95619,92.49,119.69279,253.27768,74.05,148.40936,96.25,122.8308,260.17844,79.38,142.739,90.52,118.18853,249.48225,73.01,147.94426,95.23,121.665245,257.98004,77.53,93886200.0,100212000.0,44701100.0,42196900.0,4017800.0
239,2022-12-14,141.71968,91.58,121.1273,253.57344,73.22,145.13377,93.46,123.667595,258.8673,75.08,139.69101,89.87,118.93567,250.7047,72.03,143.83742,92.5,118.93567,253.48473,73.65,82291200.0,70298000.0,36922000.0,35410900.0,3570300.0
240,2022-12-15,135.0795,88.45,115.708015,245.47983,70.2,140.32434,89.97,118.17857,250.59625,72.31,134.6144,87.47,113.57616,243.83351,69.81,139.64153,89.89,117.87972,250.12306,71.68,98931900.0,84802900.0,34531000.0,35560400.0,3700700.0
241,2022-12-16,133.11023,87.86,118.97552,241.22108,69.86,136.21756,89.35,122.84075,246.29807,70.79,132.33835,86.73,118.367836,240.0578,69.55,135.26755,88.27,119.77248,245.02637,69.82,160156900.0,146144100.0,67064000.0,86102000.0,4695600.0
242,2022-12-19,130.9925,84.92,114.044365,237.04118,69.09,133.79305,87.63,117.35173,241.73372,70.25,129.95343,84.51,113.894936,235.32587,68.85,133.70398,87.51,116.38542,241.38867,69.41,79592600.0,83531500.0,29769900.0,29696400.0,3182500.0
243,2022-12-20,130.92323,85.19,116.64442,238.37206,68.56,131.86334,86.61,116.88351,239.46632,70.34,128.53831,84.33,112.032036,235.03996,67.92,130.0227,85.33,112.828995,236.00607,68.45,77432800.0,74348300.0,28742500.0,25150800.0,2936000.0
244,2022-12-21,134.04045,86.77,119.30426,240.96475,69.93,135.38629,87.23,119.88205,242.13788,70.962,131.36855,85.21,115.180016,236.70601,67.88,131.59616,86.18,116.2559,238.26361,68.71,85928000.0,59267200.0,20392800.0,23690600.0,3254100.0
245,2022-12-22,130.85394,83.79,116.67431,234.81323,65.94,133.1597,85.68,118.1686,238.55936,68.582,128.94403,82.25,113.94473,230.55447,64.83,132.95189,85.52,116.754,237.8397,68.37,77852100.0,81431300.0,23618100.0,28651700.0,4180100.0
246,2022-12-23,130.48778,85.25,117.59081,235.34555,65.89,131.04195,85.78,117.73028,235.48357,66.66,128.29088,82.93,115.10033,230.62346,65.01,129.55756,83.25,115.58846,232.7627,65.61,63814900.0,57433700.0,17796600.0,21207000.0,2209200.0
247,2022-12-27,128.67685,83.04,116.43523,233.60068,65.46,130.0425,85.35,118.14868,235.54274,66.18,127.380486,83.0,115.60839,232.4867,63.55,130.0128,84.97,117.48123,235.316,64.75,69007800.0,57284000.0,21392300.0,16688600.0,3581800.0
248,2022-12-28,124.72836,81.82,115.18002,231.20511,65.36,129.66643,83.48,117.70039,236.32153,66.85,124.560135,81.69,115.07044,230.8502,64.77,128.32059,82.8,115.807625,233.53165,65.25,85438400.0,58228600.0,19612500.0,17457100.0,2311200.0
249,2022-12-29,128.26122,84.18,119.80236,237.59323,68.0,129.12216,84.55,120.56943,238.49034,68.35,126.40078,82.55,115.329445,232.30922,66.18,126.65807,82.87,115.95705,232.30922,66.28,75703700.0,54995900.0,22366200.0,19770700.0,2135300.0
250,2022-12-30,128.57788,84.0,119.88206,236.42012,67.74,128.59767,84.05,119.961754,236.55814,67.82,126.103905,82.47,117.291954,233.30492,66.36,127.07371,83.12,117.71036,234.83295,66.55,77034200.0,62401200.0,19583800.0,21938500.0,1874600.0
